date,sku,units_sold
2024-01-01,USB_C_CABLE,34
2024-01-02,USB_C_CABLE,42
2024-01-03,USB_C_CABLE,56
2024-01-04,USB_C_CABLE,41
2024-01-05,USB_C_CABLE,54
2024-01-06,USB_C_CABLE,60
2024-01-07,USB_C_CABLE,58
2024-01-08,USB_C_CABLE,60
2024-01-09,USB_C_CABLE,56
2024-01-10,USB_C_CABLE,39
2024-01-11,USB_C_CABLE,48
2024-01-12,USB_C_CABLE,54
2024-01-13,USB_C_CABLE,67
2024-01-14,USB_C_CABLE,49
2024-01-15,USB_C_CABLE,50
2024-01-16,USB_C_CABLE,52
2024-01-17,USB_C_CABLE,50
2024-01-18,USB_C_CABLE,51
2024-01-19,USB_C_CABLE,41
2024-01-20,USB_C_CABLE,61
2024-01-21,USB_C_CABLE,60
2024-01-22,USB_C_CABLE,52
2024-01-23,USB_C_CABLE,48
2024-01-24,USB_C_CABLE,36
2024-01-25,USB_C_CABLE,51
2024-01-26,USB_C_CABLE,51
2024-01-27,USB_C_CABLE,66
2024-01-28,USB_C_CABLE,58
2024-01-29,USB_C_CABLE,61
2024-01-30,USB_C_CABLE,50
2024-01-31,USB_C_CABLE,50
2024-02-01,USB_C_CABLE,57
2024-02-02,USB_C_CABLE,46
2024-02-03,USB_C_CABLE,67
2024-02-04,USB_C_CABLE,53
2024-02-05,USB_C_CABLE,48
2024-02-06,USB_C_CABLE,66
2024-02-07,USB_C_CABLE,53
2024-02-08,USB_C_CABLE,46
2024-02-09,USB_C_CABLE,48
2024-02-10,USB_C_CABLE,45
2024-02-11,USB_C_CABLE,56
2024-02-12,USB_C_CABLE,42
2024-02-13,USB_C_CABLE,61
2024-02-14,USB_C_CABLE,48
2024-02-15,USB_C_CABLE,40
2024-02-16,USB_C_CABLE,59
2024-02-17,USB_C_CABLE,72
2024-02-18,USB_C_CABLE,74
2024-02-19,USB_C_CABLE,42
2024-02-20,USB_C_CABLE,57
2024-02-21,USB_C_CABLE,55
2024-02-22,USB_C_CABLE,45
2024-02-23,USB_C_CABLE,48
2024-02-24,USB_C_CABLE,65
2024-02-25,USB_C_CABLE,56
2024-02-26,USB_C_CABLE,38
2024-02-27,USB_C_CABLE,49
2024-02-28,USB_C_CABLE,43
2024-02-29,USB_C_CABLE,47
2024-03-01,USB_C_CABLE,49
2024-03-02,USB_C_CABLE,59
2024-03-03,USB_C_CABLE,55
2024-03-04,USB_C_CABLE,64
2024-03-05,USB_C_CABLE,49
2024-03-06,USB_C_CABLE,49
2024-03-07,USB_C_CABLE,39
2024-03-08,USB_C_CABLE,55
2024-03-09,USB_C_CABLE,52
2024-03-10,USB_C_CABLE,73
2024-03-11,USB_C_CABLE,55
2024-03-12,USB_C_CABLE,47
2024-03-13,USB_C_CABLE,50
2024-03-14,USB_C_CABLE,34
2024-03-15,USB_C_CABLE,52
2024-03-16,USB_C_CABLE,70
2024-03-17,USB_C_CABLE,65
2024-03-18,USB_C_CABLE,40
2024-03-19,USB_C_CABLE,39
2024-03-20,USB_C_CABLE,39
2024-03-21,USB_C_CABLE,62
2024-03-22,USB_C_CABLE,62
2024-03-23,USB_C_CABLE,63
2024-03-24,USB_C_CABLE,51
2024-03-25,USB_C_CABLE,41
2024-03-26,USB_C_CABLE,40
2024-03-27,USB_C_CABLE,44
2024-03-28,USB_C_CABLE,47
2024-03-29,USB_C_CABLE,49
2024-03-30,USB_C_CABLE,64
2024-03-31,USB_C_CABLE,53
2024-04-01,USB_C_CABLE,50
2024-04-02,USB_C_CABLE,34
2024-04-03,USB_C_CABLE,49
2024-04-04,USB_C_CABLE,50
2024-04-05,USB_C_CABLE,63
2024-04-06,USB_C_CABLE,62
2024-04-07,USB_C_CABLE,65
2024-04-08,USB_C_CABLE,49
2024-04-09,USB_C_CABLE,48
2024-04-10,USB_C_CABLE,54
2024-04-11,USB_C_CABLE,42
2024-04-12,USB_C_CABLE,49
2024-04-13,USB_C_CABLE,56
2024-04-14,USB_C_CABLE,73
2024-04-15,USB_C_CABLE,50
2024-04-16,USB_C_CABLE,51
2024-04-17,USB_C_CABLE,47
2024-04-18,USB_C_CABLE,46
2024-04-19,USB_C_CABLE,51
2024-04-20,USB_C_CABLE,64
2024-04-21,USB_C_CABLE,55
2024-04-22,USB_C_CABLE,43
2024-04-23,USB_C_CABLE,44
2024-04-24,USB_C_CABLE,65
2024-04-25,USB_C_CABLE,40
2024-04-26,USB_C_CABLE,43
2024-04-27,USB_C_CABLE,47
2024-04-28,USB_C_CABLE,65
2024-04-29,USB_C_CABLE,60
2024-04-30,USB_C_CABLE,48
2024-05-01,USB_C_CABLE,63
2024-05-02,USB_C_CABLE,44
2024-05-03,USB_C_CABLE,61
2024-05-04,USB_C_CABLE,59
2024-05-05,USB_C_CABLE,49
2024-05-06,USB_C_CABLE,62
2024-05-07,USB_C_CABLE,42
2024-05-08,USB_C_CABLE,57
2024-05-09,USB_C_CABLE,58
2024-05-10,USB_C_CABLE,50
2024-05-11,USB_C_CABLE,60
2024-05-12,USB_C_CABLE,75
2024-05-13,USB_C_CABLE,52
2024-05-14,USB_C_CABLE,52
2024-05-15,USB_C_CABLE,43
2024-05-16,USB_C_CABLE,54
2024-05-17,USB_C_CABLE,48
2024-05-18,USB_C_CABLE,53
2024-05-19,USB_C_CABLE,51
2024-05-20,USB_C_CABLE,46
2024-05-21,USB_C_CABLE,58
2024-05-22,USB_C_CABLE,53
2024-05-23,USB_C_CABLE,42
2024-05-24,USB_C_CABLE,52
2024-05-25,USB_C_CABLE,47
2024-05-26,USB_C_CABLE,62
2024-05-27,USB_C_CABLE,58
2024-05-28,USB_C_CABLE,62
2024-05-29,USB_C_CABLE,45
2024-05-30,USB_C_CABLE,50
2024-05-31,USB_C_CABLE,56
2024-06-01,USB_C_CABLE,50
2024-06-02,USB_C_CABLE,56
2024-06-03,USB_C_CABLE,44
2024-06-04,USB_C_CABLE,54
2024-06-05,USB_C_CABLE,43
2024-06-06,USB_C_CABLE,42
2024-06-07,USB_C_CABLE,65
2024-06-08,USB_C_CABLE,57
2024-06-09,USB_C_CABLE,57
2024-06-10,USB_C_CABLE,59
2024-06-11,USB_C_CABLE,44
2024-06-12,USB_C_CABLE,61
2024-06-13,USB_C_CABLE,46
2024-06-14,USB_C_CABLE,66
2024-06-15,USB_C_CABLE,62
2024-06-16,USB_C_CABLE,66
2024-06-17,USB_C_CABLE,66
2024-06-18,USB_C_CABLE,51
2024-06-19,USB_C_CABLE,46
2024-06-20,USB_C_CABLE,56
2024-06-21,USB_C_CABLE,57
2024-06-22,USB_C_CABLE,51
2024-06-23,USB_C_CABLE,67
2024-06-24,USB_C_CABLE,43
2024-06-25,USB_C_CABLE,43
2024-06-26,USB_C_CABLE,58
2024-06-27,USB_C_CABLE,53
2024-06-28,USB_C_CABLE,49
2024-06-29,USB_C_CABLE,67
2024-06-30,USB_C_CABLE,61
2024-07-01,USB_C_CABLE,61
2024-07-02,USB_C_CABLE,55
2024-07-03,USB_C_CABLE,40
2024-07-04,USB_C_CABLE,58
2024-07-05,USB_C_CABLE,37
2024-07-06,USB_C_CABLE,71
2024-07-07,USB_C_CABLE,59
2024-07-08,USB_C_CABLE,44
2024-07-09,USB_C_CABLE,42
2024-07-10,USB_C_CABLE,55
2024-07-11,USB_C_CABLE,47
2024-07-12,USB_C_CABLE,56
2024-07-13,USB_C_CABLE,59
2024-07-14,USB_C_CABLE,62
2024-07-15,USB_C_CABLE,59
2024-07-16,USB_C_CABLE,51
2024-07-17,USB_C_CABLE,35
2024-07-18,USB_C_CABLE,52
2024-07-19,USB_C_CABLE,51
2024-07-20,USB_C_CABLE,63
2024-07-21,USB_C_CABLE,65
2024-07-22,USB_C_CABLE,53
2024-07-23,USB_C_CABLE,43
2024-07-24,USB_C_CABLE,58
2024-07-25,USB_C_CABLE,55
2024-07-26,USB_C_CABLE,55
2024-07-27,USB_C_CABLE,59
2024-07-28,USB_C_CABLE,46
2024-07-29,USB_C_CABLE,57
2024-07-30,USB_C_CABLE,58
2024-07-31,USB_C_CABLE,44
2024-08-01,USB_C_CABLE,47
2024-08-02,USB_C_CABLE,51
2024-08-03,USB_C_CABLE,59
2024-08-04,USB_C_CABLE,60
2024-08-05,USB_C_CABLE,46
2024-08-06,USB_C_CABLE,53
2024-08-07,USB_C_CABLE,49
2024-08-08,USB_C_CABLE,47
2024-08-09,USB_C_CABLE,53
2024-08-10,USB_C_CABLE,50
2024-08-11,USB_C_CABLE,68
2024-08-12,USB_C_CABLE,49
2024-08-13,USB_C_CABLE,51
2024-08-14,USB_C_CABLE,47
2024-08-15,USB_C_CABLE,47
2024-08-16,USB_C_CABLE,42
2024-08-17,USB_C_CABLE,50
2024-08-18,USB_C_CABLE,50
2024-08-19,USB_C_CABLE,47
2024-08-20,USB_C_CABLE,55
2024-08-21,USB_C_CABLE,42
2024-08-22,USB_C_CABLE,51
2024-08-23,USB_C_CABLE,45
2024-08-24,USB_C_CABLE,51
2024-08-25,USB_C_CABLE,50
2024-08-26,USB_C_CABLE,49
2024-08-27,USB_C_CABLE,55
2024-08-28,USB_C_CABLE,51
2024-08-29,USB_C_CABLE,54
2024-08-30,USB_C_CABLE,40
2024-08-31,USB_C_CABLE,68
2024-09-01,USB_C_CABLE,65
2024-09-02,USB_C_CABLE,49
2024-09-03,USB_C_CABLE,31
2024-09-04,USB_C_CABLE,37
2024-09-05,USB_C_CABLE,51
2024-09-06,USB_C_CABLE,43
2024-09-07,USB_C_CABLE,51
2024-09-08,USB_C_CABLE,66
2024-09-09,USB_C_CABLE,54
2024-09-10,USB_C_CABLE,46
2024-09-11,USB_C_CABLE,56
2024-09-12,USB_C_CABLE,54
2024-09-13,USB_C_CABLE,40
2024-09-14,USB_C_CABLE,73
2024-09-15,USB_C_CABLE,58
2024-09-16,USB_C_CABLE,53
2024-09-17,USB_C_CABLE,59
2024-09-18,USB_C_CABLE,39
2024-09-19,USB_C_CABLE,54
2024-09-20,USB_C_CABLE,56
2024-09-21,USB_C_CABLE,62
2024-09-22,USB_C_CABLE,69
2024-09-23,USB_C_CABLE,64
2024-09-24,USB_C_CABLE,57
2024-09-25,USB_C_CABLE,64
2024-09-26,USB_C_CABLE,52
2024-09-27,USB_C_CABLE,66
2024-09-28,USB_C_CABLE,67
2024-09-29,USB_C_CABLE,60
2024-09-30,USB_C_CABLE,46
2024-10-01,USB_C_CABLE,50
2024-10-02,USB_C_CABLE,52
2024-10-03,USB_C_CABLE,55
2024-10-04,USB_C_CABLE,32
2024-10-05,USB_C_CABLE,53
2024-10-06,USB_C_CABLE,55
2024-10-07,USB_C_CABLE,52
2024-10-08,USB_C_CABLE,52
2024-10-09,USB_C_CABLE,54
2024-10-10,USB_C_CABLE,46
2024-10-11,USB_C_CABLE,57
2024-10-12,USB_C_CABLE,66
2024-10-13,USB_C_CABLE,61
2024-10-14,USB_C_CABLE,54
2024-10-15,USB_C_CABLE,53
2024-10-16,USB_C_CABLE,44
2024-10-17,USB_C_CABLE,47
2024-10-18,USB_C_CABLE,48
2024-10-19,USB_C_CABLE,65
2024-10-20,USB_C_CABLE,67
2024-10-21,USB_C_CABLE,43
2024-10-22,USB_C_CABLE,46
2024-10-23,USB_C_CABLE,50
2024-10-24,USB_C_CABLE,51
2024-10-25,USB_C_CABLE,47
2024-10-26,USB_C_CABLE,59
2024-10-27,USB_C_CABLE,61
2024-10-28,USB_C_CABLE,48
2024-10-29,USB_C_CABLE,50
2024-10-30,USB_C_CABLE,45
2024-10-31,USB_C_CABLE,46
2024-11-01,USB_C_CABLE,70
2024-11-02,USB_C_CABLE,68
2024-11-03,USB_C_CABLE,83
2024-11-04,USB_C_CABLE,78
2024-11-05,USB_C_CABLE,51
2024-11-06,USB_C_CABLE,61
2024-11-07,USB_C_CABLE,56
2024-11-08,USB_C_CABLE,45
2024-11-09,USB_C_CABLE,86
2024-11-10,USB_C_CABLE,81
2024-11-11,USB_C_CABLE,64
2024-11-12,USB_C_CABLE,63
2024-11-13,USB_C_CABLE,77
2024-11-14,USB_C_CABLE,55
2024-11-15,USB_C_CABLE,66
2024-11-16,USB_C_CABLE,68
2024-11-17,USB_C_CABLE,59
2024-11-18,USB_C_CABLE,70
2024-11-19,USB_C_CABLE,72
2024-11-20,USB_C_CABLE,59
2024-11-21,USB_C_CABLE,55
2024-11-22,USB_C_CABLE,54
2024-11-23,USB_C_CABLE,75
2024-11-24,USB_C_CABLE,71
2024-11-25,USB_C_CABLE,62
2024-11-26,USB_C_CABLE,67
2024-11-27,USB_C_CABLE,77
2024-11-28,USB_C_CABLE,64
2024-11-29,USB_C_CABLE,76
2024-11-30,USB_C_CABLE,73
2024-12-01,USB_C_CABLE,104
2024-12-02,USB_C_CABLE,80
2024-12-03,USB_C_CABLE,59
2024-12-04,USB_C_CABLE,67
2024-12-05,USB_C_CABLE,55
2024-12-06,USB_C_CABLE,64
2024-12-07,USB_C_CABLE,89
2024-12-08,USB_C_CABLE,93
2024-12-09,USB_C_CABLE,54
2024-12-10,USB_C_CABLE,49
2024-12-11,USB_C_CABLE,61
2024-12-12,USB_C_CABLE,63
2024-12-13,USB_C_CABLE,76
2024-12-14,USB_C_CABLE,78
2024-12-15,USB_C_CABLE,66
2024-12-16,USB_C_CABLE,62
2024-12-17,USB_C_CABLE,57
2024-12-18,USB_C_CABLE,62
2024-12-19,USB_C_CABLE,71
2024-12-20,USB_C_CABLE,78
2024-12-21,USB_C_CABLE,68
2024-12-22,USB_C_CABLE,66
2024-12-23,USB_C_CABLE,67
2024-12-24,USB_C_CABLE,75
2024-12-25,USB_C_CABLE,60
2024-12-26,USB_C_CABLE,60
2024-12-27,USB_C_CABLE,45
2024-12-28,USB_C_CABLE,76
2024-12-29,USB_C_CABLE,71
2024-12-30,USB_C_CABLE,61
2024-12-31,USB_C_CABLE,61
2024-01-01,WIRELESS_MOUSE,58
2024-01-02,WIRELESS_MOUSE,41
2024-01-03,WIRELESS_MOUSE,50
2024-01-04,WIRELESS_MOUSE,40
2024-01-05,WIRELESS_MOUSE,43
2024-01-06,WIRELESS_MOUSE,45
2024-01-07,WIRELESS_MOUSE,65
2024-01-08,WIRELESS_MOUSE,44
2024-01-09,WIRELESS_MOUSE,63
2024-01-10,WIRELESS_MOUSE,57
2024-01-11,WIRELESS_MOUSE,45
2024-01-12,WIRELESS_MOUSE,54
2024-01-13,WIRELESS_MOUSE,61
2024-01-14,WIRELESS_MOUSE,67
2024-01-15,WIRELESS_MOUSE,51
2024-01-16,WIRELESS_MOUSE,40
2024-01-17,WIRELESS_MOUSE,42
2024-01-18,WIRELESS_MOUSE,75
2024-01-19,WIRELESS_MOUSE,47
2024-01-20,WIRELESS_MOUSE,68
2024-01-21,WIRELESS_MOUSE,60
2024-01-22,WIRELESS_MOUSE,44
2024-01-23,WIRELESS_MOUSE,54
2024-01-24,WIRELESS_MOUSE,50
2024-01-25,WIRELESS_MOUSE,51
2024-01-26,WIRELESS_MOUSE,68
2024-01-27,WIRELESS_MOUSE,59
2024-01-28,WIRELESS_MOUSE,83
2024-01-29,WIRELESS_MOUSE,53
2024-01-30,WIRELESS_MOUSE,46
2024-01-31,WIRELESS_MOUSE,65
2024-02-01,WIRELESS_MOUSE,48
2024-02-02,WIRELESS_MOUSE,65
2024-02-03,WIRELESS_MOUSE,65
2024-02-04,WIRELESS_MOUSE,88
2024-02-05,WIRELESS_MOUSE,52
2024-02-06,WIRELESS_MOUSE,61
2024-02-07,WIRELESS_MOUSE,49
2024-02-08,WIRELESS_MOUSE,48
2024-02-09,WIRELESS_MOUSE,57
2024-02-10,WIRELESS_MOUSE,56
2024-02-11,WIRELESS_MOUSE,50
2024-02-12,WIRELESS_MOUSE,56
2024-02-13,WIRELESS_MOUSE,49
2024-02-14,WIRELESS_MOUSE,62
2024-02-15,WIRELESS_MOUSE,60
2024-02-16,WIRELESS_MOUSE,46
2024-02-17,WIRELESS_MOUSE,43
2024-02-18,WIRELESS_MOUSE,67
2024-02-19,WIRELESS_MOUSE,58
2024-02-20,WIRELESS_MOUSE,46
2024-02-21,WIRELESS_MOUSE,57
2024-02-22,WIRELESS_MOUSE,56
2024-02-23,WIRELESS_MOUSE,46
2024-02-24,WIRELESS_MOUSE,80
2024-02-25,WIRELESS_MOUSE,58
2024-02-26,WIRELESS_MOUSE,66
2024-02-27,WIRELESS_MOUSE,59
2024-02-28,WIRELESS_MOUSE,52
2024-02-29,WIRELESS_MOUSE,52
2024-03-01,WIRELESS_MOUSE,47
2024-03-02,WIRELESS_MOUSE,62
2024-03-03,WIRELESS_MOUSE,64
2024-03-04,WIRELESS_MOUSE,54
2024-03-05,WIRELESS_MOUSE,63
2024-03-06,WIRELESS_MOUSE,60
2024-03-07,WIRELESS_MOUSE,55
2024-03-08,WIRELESS_MOUSE,44
2024-03-09,WIRELESS_MOUSE,72
2024-03-10,WIRELESS_MOUSE,70
2024-03-11,WIRELESS_MOUSE,51
2024-03-12,WIRELESS_MOUSE,46
2024-03-13,WIRELESS_MOUSE,66
2024-03-14,WIRELESS_MOUSE,45
2024-03-15,WIRELESS_MOUSE,51
2024-03-16,WIRELESS_MOUSE,63
2024-03-17,WIRELESS_MOUSE,62
2024-03-18,WIRELESS_MOUSE,54
2024-03-19,WIRELESS_MOUSE,52
2024-03-20,WIRELESS_MOUSE,44
2024-03-21,WIRELESS_MOUSE,53
2024-03-22,WIRELESS_MOUSE,44
2024-03-23,WIRELESS_MOUSE,71
2024-03-24,WIRELESS_MOUSE,51
2024-03-25,WIRELESS_MOUSE,45
2024-03-26,WIRELESS_MOUSE,55
2024-03-27,WIRELESS_MOUSE,58
2024-03-28,WIRELESS_MOUSE,39
2024-03-29,WIRELESS_MOUSE,73
2024-03-30,WIRELESS_MOUSE,68
2024-03-31,WIRELESS_MOUSE,56
2024-04-01,WIRELESS_MOUSE,49
2024-04-02,WIRELESS_MOUSE,58
2024-04-03,WIRELESS_MOUSE,50
2024-04-04,WIRELESS_MOUSE,46
2024-04-05,WIRELESS_MOUSE,57
2024-04-06,WIRELESS_MOUSE,75
2024-04-07,WIRELESS_MOUSE,60
2024-04-08,WIRELESS_MOUSE,47
2024-04-09,WIRELESS_MOUSE,52
2024-04-10,WIRELESS_MOUSE,37
2024-04-11,WIRELESS_MOUSE,50
2024-04-12,WIRELESS_MOUSE,50
2024-04-13,WIRELESS_MOUSE,41
2024-04-14,WIRELESS_MOUSE,58
2024-04-15,WIRELESS_MOUSE,36
2024-04-16,WIRELESS_MOUSE,58
2024-04-17,WIRELESS_MOUSE,45
2024-04-18,WIRELESS_MOUSE,47
2024-04-19,WIRELESS_MOUSE,61
2024-04-20,WIRELESS_MOUSE,56
2024-04-21,WIRELESS_MOUSE,59
2024-04-22,WIRELESS_MOUSE,41
2024-04-23,WIRELESS_MOUSE,41
2024-04-24,WIRELESS_MOUSE,56
2024-04-25,WIRELESS_MOUSE,45
2024-04-26,WIRELESS_MOUSE,54
2024-04-27,WIRELESS_MOUSE,53
2024-04-28,WIRELESS_MOUSE,77
2024-04-29,WIRELESS_MOUSE,46
2024-04-30,WIRELESS_MOUSE,47
2024-05-01,WIRELESS_MOUSE,47
2024-05-02,WIRELESS_MOUSE,61
2024-05-03,WIRELESS_MOUSE,37
2024-05-04,WIRELESS_MOUSE,60
2024-05-05,WIRELESS_MOUSE,64
2024-05-06,WIRELESS_MOUSE,47
2024-05-07,WIRELESS_MOUSE,59
2024-05-08,WIRELESS_MOUSE,45
2024-05-09,WIRELESS_MOUSE,54
2024-05-10,WIRELESS_MOUSE,39
2024-05-11,WIRELESS_MOUSE,43
2024-05-12,WIRELESS_MOUSE,63
2024-05-13,WIRELESS_MOUSE,51
2024-05-14,WIRELESS_MOUSE,52
2024-05-15,WIRELESS_MOUSE,36
2024-05-16,WIRELESS_MOUSE,45
2024-05-17,WIRELESS_MOUSE,39
2024-05-18,WIRELESS_MOUSE,60
2024-05-19,WIRELESS_MOUSE,55
2024-05-20,WIRELESS_MOUSE,43
2024-05-21,WIRELESS_MOUSE,55
2024-05-22,WIRELESS_MOUSE,52
2024-05-23,WIRELESS_MOUSE,63
2024-05-24,WIRELESS_MOUSE,64
2024-05-25,WIRELESS_MOUSE,57
2024-05-26,WIRELESS_MOUSE,56
2024-05-27,WIRELESS_MOUSE,51
2024-05-28,WIRELESS_MOUSE,47
2024-05-29,WIRELESS_MOUSE,47
2024-05-30,WIRELESS_MOUSE,52
2024-05-31,WIRELESS_MOUSE,60
2024-06-01,WIRELESS_MOUSE,49
2024-06-02,WIRELESS_MOUSE,60
2024-06-03,WIRELESS_MOUSE,56
2024-06-04,WIRELESS_MOUSE,51
2024-06-05,WIRELESS_MOUSE,45
2024-06-06,WIRELESS_MOUSE,63
2024-06-07,WIRELESS_MOUSE,37
2024-06-08,WIRELESS_MOUSE,53
2024-06-09,WIRELESS_MOUSE,61
2024-06-10,WIRELESS_MOUSE,43
2024-06-11,WIRELESS_MOUSE,48
2024-06-12,WIRELESS_MOUSE,55
2024-06-13,WIRELESS_MOUSE,65
2024-06-14,WIRELESS_MOUSE,42
2024-06-15,WIRELESS_MOUSE,52
2024-06-16,WIRELESS_MOUSE,49
2024-06-17,WIRELESS_MOUSE,50
2024-06-18,WIRELESS_MOUSE,46
2024-06-19,WIRELESS_MOUSE,51
2024-06-20,WIRELESS_MOUSE,45
2024-06-21,WIRELESS_MOUSE,51
2024-06-22,WIRELESS_MOUSE,59
2024-06-23,WIRELESS_MOUSE,48
2024-06-24,WIRELESS_MOUSE,58
2024-06-25,WIRELESS_MOUSE,32
2024-06-26,WIRELESS_MOUSE,67
2024-06-27,WIRELESS_MOUSE,51
2024-06-28,WIRELESS_MOUSE,49
2024-06-29,WIRELESS_MOUSE,83
2024-06-30,WIRELESS_MOUSE,65
2024-07-01,WIRELESS_MOUSE,56
2024-07-02,WIRELESS_MOUSE,60
2024-07-03,WIRELESS_MOUSE,60
2024-07-04,WIRELESS_MOUSE,42
2024-07-05,WIRELESS_MOUSE,48
2024-07-06,WIRELESS_MOUSE,60
2024-07-07,WIRELESS_MOUSE,48
2024-07-08,WIRELESS_MOUSE,42
2024-07-09,WIRELESS_MOUSE,40
2024-07-10,WIRELESS_MOUSE,50
2024-07-11,WIRELESS_MOUSE,50
2024-07-12,WIRELESS_MOUSE,44
2024-07-13,WIRELESS_MOUSE,61
2024-07-14,WIRELESS_MOUSE,69
2024-07-15,WIRELESS_MOUSE,49
2024-07-16,WIRELESS_MOUSE,45
2024-07-17,WIRELESS_MOUSE,64
2024-07-18,WIRELESS_MOUSE,39
2024-07-19,WIRELESS_MOUSE,65
2024-07-20,WIRELESS_MOUSE,62
2024-07-21,WIRELESS_MOUSE,70
2024-07-22,WIRELESS_MOUSE,46
2024-07-23,WIRELESS_MOUSE,44
2024-07-24,WIRELESS_MOUSE,55
2024-07-25,WIRELESS_MOUSE,66
2024-07-26,WIRELESS_MOUSE,66
2024-07-27,WIRELESS_MOUSE,59
2024-07-28,WIRELESS_MOUSE,68
2024-07-29,WIRELESS_MOUSE,41
2024-07-30,WIRELESS_MOUSE,62
2024-07-31,WIRELESS_MOUSE,48
2024-08-01,WIRELESS_MOUSE,52
2024-08-02,WIRELESS_MOUSE,62
2024-08-03,WIRELESS_MOUSE,67
2024-08-04,WIRELESS_MOUSE,52
2024-08-05,WIRELESS_MOUSE,56
2024-08-06,WIRELESS_MOUSE,42
2024-08-07,WIRELESS_MOUSE,44
2024-08-08,WIRELESS_MOUSE,52
2024-08-09,WIRELESS_MOUSE,64
2024-08-10,WIRELESS_MOUSE,78
2024-08-11,WIRELESS_MOUSE,69
2024-08-12,WIRELESS_MOUSE,40
2024-08-13,WIRELESS_MOUSE,50
2024-08-14,WIRELESS_MOUSE,55
2024-08-15,WIRELESS_MOUSE,47
2024-08-16,WIRELESS_MOUSE,65
2024-08-17,WIRELESS_MOUSE,53
2024-08-18,WIRELESS_MOUSE,47
2024-08-19,WIRELESS_MOUSE,49
2024-08-20,WIRELESS_MOUSE,54
2024-08-21,WIRELESS_MOUSE,48
2024-08-22,WIRELESS_MOUSE,44
2024-08-23,WIRELESS_MOUSE,43
2024-08-24,WIRELESS_MOUSE,68
2024-08-25,WIRELESS_MOUSE,58
2024-08-26,WIRELESS_MOUSE,52
2024-08-27,WIRELESS_MOUSE,54
2024-08-28,WIRELESS_MOUSE,64
2024-08-29,WIRELESS_MOUSE,60
2024-08-30,WIRELESS_MOUSE,66
2024-08-31,WIRELESS_MOUSE,72
2024-09-01,WIRELESS_MOUSE,54
2024-09-02,WIRELESS_MOUSE,41
2024-09-03,WIRELESS_MOUSE,59
2024-09-04,WIRELESS_MOUSE,57
2024-09-05,WIRELESS_MOUSE,47
2024-09-06,WIRELESS_MOUSE,44
2024-09-07,WIRELESS_MOUSE,52
2024-09-08,WIRELESS_MOUSE,56
2024-09-09,WIRELESS_MOUSE,63
2024-09-10,WIRELESS_MOUSE,58
2024-09-11,WIRELESS_MOUSE,39
2024-09-12,WIRELESS_MOUSE,65
2024-09-13,WIRELESS_MOUSE,39
2024-09-14,WIRELESS_MOUSE,61
2024-09-15,WIRELESS_MOUSE,58
2024-09-16,WIRELESS_MOUSE,64
2024-09-17,WIRELESS_MOUSE,55
2024-09-18,WIRELESS_MOUSE,64
2024-09-19,WIRELESS_MOUSE,51
2024-09-20,WIRELESS_MOUSE,46
2024-09-21,WIRELESS_MOUSE,68
2024-09-22,WIRELESS_MOUSE,62
2024-09-23,WIRELESS_MOUSE,55
2024-09-24,WIRELESS_MOUSE,62
2024-09-25,WIRELESS_MOUSE,61
2024-09-26,WIRELESS_MOUSE,56
2024-09-27,WIRELESS_MOUSE,57
2024-09-28,WIRELESS_MOUSE,64
2024-09-29,WIRELESS_MOUSE,65
2024-09-30,WIRELESS_MOUSE,38
2024-10-01,WIRELESS_MOUSE,59
2024-10-02,WIRELESS_MOUSE,49
2024-10-03,WIRELESS_MOUSE,49
2024-10-04,WIRELESS_MOUSE,60
2024-10-05,WIRELESS_MOUSE,72
2024-10-06,WIRELESS_MOUSE,68
2024-10-07,WIRELESS_MOUSE,53
2024-10-08,WIRELESS_MOUSE,55
2024-10-09,WIRELESS_MOUSE,57
2024-10-10,WIRELESS_MOUSE,58
2024-10-11,WIRELESS_MOUSE,50
2024-10-12,WIRELESS_MOUSE,67
2024-10-13,WIRELESS_MOUSE,51
2024-10-14,WIRELESS_MOUSE,50
2024-10-15,WIRELESS_MOUSE,52
2024-10-16,WIRELESS_MOUSE,45
2024-10-17,WIRELESS_MOUSE,51
2024-10-18,WIRELESS_MOUSE,47
2024-10-19,WIRELESS_MOUSE,70
2024-10-20,WIRELESS_MOUSE,58
2024-10-21,WIRELESS_MOUSE,54
2024-10-22,WIRELESS_MOUSE,56
2024-10-23,WIRELESS_MOUSE,65
2024-10-24,WIRELESS_MOUSE,47
2024-10-25,WIRELESS_MOUSE,33
2024-10-26,WIRELESS_MOUSE,48
2024-10-27,WIRELESS_MOUSE,67
2024-10-28,WIRELESS_MOUSE,43
2024-10-29,WIRELESS_MOUSE,47
2024-10-30,WIRELESS_MOUSE,58
2024-10-31,WIRELESS_MOUSE,41
2024-11-01,WIRELESS_MOUSE,58
2024-11-02,WIRELESS_MOUSE,97
2024-11-03,WIRELESS_MOUSE,91
2024-11-04,WIRELESS_MOUSE,68
2024-11-05,WIRELESS_MOUSE,58
2024-11-06,WIRELESS_MOUSE,61
2024-11-07,WIRELESS_MOUSE,47
2024-11-08,WIRELESS_MOUSE,53
2024-11-09,WIRELESS_MOUSE,84
2024-11-10,WIRELESS_MOUSE,85
2024-11-11,WIRELESS_MOUSE,61
2024-11-12,WIRELESS_MOUSE,72
2024-11-13,WIRELESS_MOUSE,54
2024-11-14,WIRELESS_MOUSE,63
2024-11-15,WIRELESS_MOUSE,53
2024-11-16,WIRELESS_MOUSE,76
2024-11-17,WIRELESS_MOUSE,76
2024-11-18,WIRELESS_MOUSE,44
2024-11-19,WIRELESS_MOUSE,60
2024-11-20,WIRELESS_MOUSE,39
2024-11-21,WIRELESS_MOUSE,76
2024-11-22,WIRELESS_MOUSE,71
2024-11-23,WIRELESS_MOUSE,96
2024-11-24,WIRELESS_MOUSE,74
2024-11-25,WIRELESS_MOUSE,71
2024-11-26,WIRELESS_MOUSE,67
2024-11-27,WIRELESS_MOUSE,69
2024-11-28,WIRELESS_MOUSE,62
2024-11-29,WIRELESS_MOUSE,73
2024-11-30,WIRELESS_MOUSE,79
2024-12-01,WIRELESS_MOUSE,98
2024-12-02,WIRELESS_MOUSE,72
2024-12-03,WIRELESS_MOUSE,67
2024-12-04,WIRELESS_MOUSE,74
2024-12-05,WIRELESS_MOUSE,76
2024-12-06,WIRELESS_MOUSE,84
2024-12-07,WIRELESS_MOUSE,67
2024-12-08,WIRELESS_MOUSE,101
2024-12-09,WIRELESS_MOUSE,61
2024-12-10,WIRELESS_MOUSE,64
2024-12-11,WIRELESS_MOUSE,52
2024-12-12,WIRELESS_MOUSE,57
2024-12-13,WIRELESS_MOUSE,84
2024-12-14,WIRELESS_MOUSE,75
2024-12-15,WIRELESS_MOUSE,63
2024-12-16,WIRELESS_MOUSE,55
2024-12-17,WIRELESS_MOUSE,87
2024-12-18,WIRELESS_MOUSE,70
2024-12-19,WIRELESS_MOUSE,79
2024-12-20,WIRELESS_MOUSE,69
2024-12-21,WIRELESS_MOUSE,99
2024-12-22,WIRELESS_MOUSE,68
2024-12-23,WIRELESS_MOUSE,75
2024-12-24,WIRELESS_MOUSE,71
2024-12-25,WIRELESS_MOUSE,68
2024-12-26,WIRELESS_MOUSE,57
2024-12-27,WIRELESS_MOUSE,78
2024-12-28,WIRELESS_MOUSE,60
2024-12-29,WIRELESS_MOUSE,69
2024-12-30,WIRELESS_MOUSE,60
2024-12-31,WIRELESS_MOUSE,63
2024-01-01,PHONE_CHARGER,30
2024-01-02,PHONE_CHARGER,31
2024-01-03,PHONE_CHARGER,36
2024-01-04,PHONE_CHARGER,24
2024-01-05,PHONE_CHARGER,22
2024-01-06,PHONE_CHARGER,39
2024-01-07,PHONE_CHARGER,32
2024-01-08,PHONE_CHARGER,30
2024-01-09,PHONE_CHARGER,27
2024-01-10,PHONE_CHARGER,29
2024-01-11,PHONE_CHARGER,23
2024-01-12,PHONE_CHARGER,42
2024-01-13,PHONE_CHARGER,33
2024-01-14,PHONE_CHARGER,33
2024-01-15,PHONE_CHARGER,24
2024-01-16,PHONE_CHARGER,29
2024-01-17,PHONE_CHARGER,31
2024-01-18,PHONE_CHARGER,30
2024-01-19,PHONE_CHARGER,28
2024-01-20,PHONE_CHARGER,30
2024-01-21,PHONE_CHARGER,37
2024-01-22,PHONE_CHARGER,28
2024-01-23,PHONE_CHARGER,23
2024-01-24,PHONE_CHARGER,25
2024-01-25,PHONE_CHARGER,27
2024-01-26,PHONE_CHARGER,27
2024-01-27,PHONE_CHARGER,20
2024-01-28,PHONE_CHARGER,37
2024-01-29,PHONE_CHARGER,29
2024-01-30,PHONE_CHARGER,27
2024-01-31,PHONE_CHARGER,30
2024-02-01,PHONE_CHARGER,29
2024-02-02,PHONE_CHARGER,27
2024-02-03,PHONE_CHARGER,33
2024-02-04,PHONE_CHARGER,32
2024-02-05,PHONE_CHARGER,30
2024-02-06,PHONE_CHARGER,28
2024-02-07,PHONE_CHARGER,32
2024-02-08,PHONE_CHARGER,28
2024-02-09,PHONE_CHARGER,27
2024-02-10,PHONE_CHARGER,37
2024-02-11,PHONE_CHARGER,34
2024-02-12,PHONE_CHARGER,27
2024-02-13,PHONE_CHARGER,25
2024-02-14,PHONE_CHARGER,34
2024-02-15,PHONE_CHARGER,32
2024-02-16,PHONE_CHARGER,30
2024-02-17,PHONE_CHARGER,30
2024-02-18,PHONE_CHARGER,47
2024-02-19,PHONE_CHARGER,36
2024-02-20,PHONE_CHARGER,34
2024-02-21,PHONE_CHARGER,31
2024-02-22,PHONE_CHARGER,28
2024-02-23,PHONE_CHARGER,32
2024-02-24,PHONE_CHARGER,36
2024-02-25,PHONE_CHARGER,36
2024-02-26,PHONE_CHARGER,27
2024-02-27,PHONE_CHARGER,29
2024-02-28,PHONE_CHARGER,26
2024-02-29,PHONE_CHARGER,33
2024-03-01,PHONE_CHARGER,28
2024-03-02,PHONE_CHARGER,46
2024-03-03,PHONE_CHARGER,32
2024-03-04,PHONE_CHARGER,30
2024-03-05,PHONE_CHARGER,37
2024-03-06,PHONE_CHARGER,25
2024-03-07,PHONE_CHARGER,34
2024-03-08,PHONE_CHARGER,25
2024-03-09,PHONE_CHARGER,35
2024-03-10,PHONE_CHARGER,34
2024-03-11,PHONE_CHARGER,28
2024-03-12,PHONE_CHARGER,36
2024-03-13,PHONE_CHARGER,35
2024-03-14,PHONE_CHARGER,32
2024-03-15,PHONE_CHARGER,29
2024-03-16,PHONE_CHARGER,26
2024-03-17,PHONE_CHARGER,38
2024-03-18,PHONE_CHARGER,29
2024-03-19,PHONE_CHARGER,26
2024-03-20,PHONE_CHARGER,30
2024-03-21,PHONE_CHARGER,30
2024-03-22,PHONE_CHARGER,28
2024-03-23,PHONE_CHARGER,37
2024-03-24,PHONE_CHARGER,47
2024-03-25,PHONE_CHARGER,28
2024-03-26,PHONE_CHARGER,34
2024-03-27,PHONE_CHARGER,39
2024-03-28,PHONE_CHARGER,31
2024-03-29,PHONE_CHARGER,30
2024-03-30,PHONE_CHARGER,40
2024-03-31,PHONE_CHARGER,35
2024-04-01,PHONE_CHARGER,31
2024-04-02,PHONE_CHARGER,23
2024-04-03,PHONE_CHARGER,29
2024-04-04,PHONE_CHARGER,35
2024-04-05,PHONE_CHARGER,29
2024-04-06,PHONE_CHARGER,45
2024-04-07,PHONE_CHARGER,35
2024-04-08,PHONE_CHARGER,33
2024-04-09,PHONE_CHARGER,26
2024-04-10,PHONE_CHARGER,28
2024-04-11,PHONE_CHARGER,27
2024-04-12,PHONE_CHARGER,29
2024-04-13,PHONE_CHARGER,38
2024-04-14,PHONE_CHARGER,32
2024-04-15,PHONE_CHARGER,24
2024-04-16,PHONE_CHARGER,29
2024-04-17,PHONE_CHARGER,32
2024-04-18,PHONE_CHARGER,36
2024-04-19,PHONE_CHARGER,24
2024-04-20,PHONE_CHARGER,25
2024-04-21,PHONE_CHARGER,32
2024-04-22,PHONE_CHARGER,35
2024-04-23,PHONE_CHARGER,24
2024-04-24,PHONE_CHARGER,27
2024-04-25,PHONE_CHARGER,36
2024-04-26,PHONE_CHARGER,28
2024-04-27,PHONE_CHARGER,35
2024-04-28,PHONE_CHARGER,36
2024-04-29,PHONE_CHARGER,32
2024-04-30,PHONE_CHARGER,28
2024-05-01,PHONE_CHARGER,21
2024-05-02,PHONE_CHARGER,28
2024-05-03,PHONE_CHARGER,31
2024-05-04,PHONE_CHARGER,20
2024-05-05,PHONE_CHARGER,41
2024-05-06,PHONE_CHARGER,28
2024-05-07,PHONE_CHARGER,22
2024-05-08,PHONE_CHARGER,27
2024-05-09,PHONE_CHARGER,37
2024-05-10,PHONE_CHARGER,32
2024-05-11,PHONE_CHARGER,36
2024-05-12,PHONE_CHARGER,34
2024-05-13,PHONE_CHARGER,19
2024-05-14,PHONE_CHARGER,29
2024-05-15,PHONE_CHARGER,33
2024-05-16,PHONE_CHARGER,25
2024-05-17,PHONE_CHARGER,31
2024-05-18,PHONE_CHARGER,31
2024-05-19,PHONE_CHARGER,38
2024-05-20,PHONE_CHARGER,23
2024-05-21,PHONE_CHARGER,31
2024-05-22,PHONE_CHARGER,23
2024-05-23,PHONE_CHARGER,22
2024-05-24,PHONE_CHARGER,27
2024-05-25,PHONE_CHARGER,33
2024-05-26,PHONE_CHARGER,35
2024-05-27,PHONE_CHARGER,25
2024-05-28,PHONE_CHARGER,27
2024-05-29,PHONE_CHARGER,29
2024-05-30,PHONE_CHARGER,34
2024-05-31,PHONE_CHARGER,34
2024-06-01,PHONE_CHARGER,35
2024-06-02,PHONE_CHARGER,43
2024-06-03,PHONE_CHARGER,29
2024-06-04,PHONE_CHARGER,39
2024-06-05,PHONE_CHARGER,35
2024-06-06,PHONE_CHARGER,27
2024-06-07,PHONE_CHARGER,26
2024-06-08,PHONE_CHARGER,34
2024-06-09,PHONE_CHARGER,40
2024-06-10,PHONE_CHARGER,26
2024-06-11,PHONE_CHARGER,32
2024-06-12,PHONE_CHARGER,30
2024-06-13,PHONE_CHARGER,35
2024-06-14,PHONE_CHARGER,25
2024-06-15,PHONE_CHARGER,33
2024-06-16,PHONE_CHARGER,31
2024-06-17,PHONE_CHARGER,34
2024-06-18,PHONE_CHARGER,38
2024-06-19,PHONE_CHARGER,32
2024-06-20,PHONE_CHARGER,33
2024-06-21,PHONE_CHARGER,26
2024-06-22,PHONE_CHARGER,41
2024-06-23,PHONE_CHARGER,30
2024-06-24,PHONE_CHARGER,29
2024-06-25,PHONE_CHARGER,26
2024-06-26,PHONE_CHARGER,28
2024-06-27,PHONE_CHARGER,31
2024-06-28,PHONE_CHARGER,35
2024-06-29,PHONE_CHARGER,29
2024-06-30,PHONE_CHARGER,31
2024-07-01,PHONE_CHARGER,30
2024-07-02,PHONE_CHARGER,29
2024-07-03,PHONE_CHARGER,30
2024-07-04,PHONE_CHARGER,26
2024-07-05,PHONE_CHARGER,27
2024-07-06,PHONE_CHARGER,29
2024-07-07,PHONE_CHARGER,37
2024-07-08,PHONE_CHARGER,27
2024-07-09,PHONE_CHARGER,32
2024-07-10,PHONE_CHARGER,32
2024-07-11,PHONE_CHARGER,30
2024-07-12,PHONE_CHARGER,34
2024-07-13,PHONE_CHARGER,39
2024-07-14,PHONE_CHARGER,42
2024-07-15,PHONE_CHARGER,26
2024-07-16,PHONE_CHARGER,33
2024-07-17,PHONE_CHARGER,30
2024-07-18,PHONE_CHARGER,29
2024-07-19,PHONE_CHARGER,37
2024-07-20,PHONE_CHARGER,31
2024-07-21,PHONE_CHARGER,35
2024-07-22,PHONE_CHARGER,30
2024-07-23,PHONE_CHARGER,28
2024-07-24,PHONE_CHARGER,33
2024-07-25,PHONE_CHARGER,36
2024-07-26,PHONE_CHARGER,34
2024-07-27,PHONE_CHARGER,29
2024-07-28,PHONE_CHARGER,31
2024-07-29,PHONE_CHARGER,33
2024-07-30,PHONE_CHARGER,25
2024-07-31,PHONE_CHARGER,29
2024-08-01,PHONE_CHARGER,24
2024-08-02,PHONE_CHARGER,20
2024-08-03,PHONE_CHARGER,25
2024-08-04,PHONE_CHARGER,31
2024-08-05,PHONE_CHARGER,32
2024-08-06,PHONE_CHARGER,30
2024-08-07,PHONE_CHARGER,30
2024-08-08,PHONE_CHARGER,31
2024-08-09,PHONE_CHARGER,29
2024-08-10,PHONE_CHARGER,41
2024-08-11,PHONE_CHARGER,36
2024-08-12,PHONE_CHARGER,30
2024-08-13,PHONE_CHARGER,36
2024-08-14,PHONE_CHARGER,28
2024-08-15,PHONE_CHARGER,30
2024-08-16,PHONE_CHARGER,30
2024-08-17,PHONE_CHARGER,42
2024-08-18,PHONE_CHARGER,41
2024-08-19,PHONE_CHARGER,24
2024-08-20,PHONE_CHARGER,25
2024-08-21,PHONE_CHARGER,29
2024-08-22,PHONE_CHARGER,30
2024-08-23,PHONE_CHARGER,37
2024-08-24,PHONE_CHARGER,38
2024-08-25,PHONE_CHARGER,35
2024-08-26,PHONE_CHARGER,32
2024-08-27,PHONE_CHARGER,23
2024-08-28,PHONE_CHARGER,31
2024-08-29,PHONE_CHARGER,32
2024-08-30,PHONE_CHARGER,20
2024-08-31,PHONE_CHARGER,30
2024-09-01,PHONE_CHARGER,34
2024-09-02,PHONE_CHARGER,25
2024-09-03,PHONE_CHARGER,29
2024-09-04,PHONE_CHARGER,29
2024-09-05,PHONE_CHARGER,23
2024-09-06,PHONE_CHARGER,29
2024-09-07,PHONE_CHARGER,37
2024-09-08,PHONE_CHARGER,43
2024-09-09,PHONE_CHARGER,23
2024-09-10,PHONE_CHARGER,25
2024-09-11,PHONE_CHARGER,31
2024-09-12,PHONE_CHARGER,38
2024-09-13,PHONE_CHARGER,27
2024-09-14,PHONE_CHARGER,36
2024-09-15,PHONE_CHARGER,32
2024-09-16,PHONE_CHARGER,20
2024-09-17,PHONE_CHARGER,25
2024-09-18,PHONE_CHARGER,32
2024-09-19,PHONE_CHARGER,28
2024-09-20,PHONE_CHARGER,27
2024-09-21,PHONE_CHARGER,34
2024-09-22,PHONE_CHARGER,32
2024-09-23,PHONE_CHARGER,22
2024-09-24,PHONE_CHARGER,23
2024-09-25,PHONE_CHARGER,28
2024-09-26,PHONE_CHARGER,27
2024-09-27,PHONE_CHARGER,22
2024-09-28,PHONE_CHARGER,38
2024-09-29,PHONE_CHARGER,39
2024-09-30,PHONE_CHARGER,33
2024-10-01,PHONE_CHARGER,29
2024-10-02,PHONE_CHARGER,34
2024-10-03,PHONE_CHARGER,27
2024-10-04,PHONE_CHARGER,23
2024-10-05,PHONE_CHARGER,30
2024-10-06,PHONE_CHARGER,47
2024-10-07,PHONE_CHARGER,27
2024-10-08,PHONE_CHARGER,24
2024-10-09,PHONE_CHARGER,29
2024-10-10,PHONE_CHARGER,34
2024-10-11,PHONE_CHARGER,31
2024-10-12,PHONE_CHARGER,35
2024-10-13,PHONE_CHARGER,39
2024-10-14,PHONE_CHARGER,29
2024-10-15,PHONE_CHARGER,24
2024-10-16,PHONE_CHARGER,25
2024-10-17,PHONE_CHARGER,32
2024-10-18,PHONE_CHARGER,23
2024-10-19,PHONE_CHARGER,32
2024-10-20,PHONE_CHARGER,38
2024-10-21,PHONE_CHARGER,26
2024-10-22,PHONE_CHARGER,34
2024-10-23,PHONE_CHARGER,26
2024-10-24,PHONE_CHARGER,26
2024-10-25,PHONE_CHARGER,35
2024-10-26,PHONE_CHARGER,28
2024-10-27,PHONE_CHARGER,22
2024-10-28,PHONE_CHARGER,25
2024-10-29,PHONE_CHARGER,29
2024-10-30,PHONE_CHARGER,29
2024-10-31,PHONE_CHARGER,33
2024-11-01,PHONE_CHARGER,38
2024-11-02,PHONE_CHARGER,38
2024-11-03,PHONE_CHARGER,43
2024-11-04,PHONE_CHARGER,32
2024-11-05,PHONE_CHARGER,34
2024-11-06,PHONE_CHARGER,42
2024-11-07,PHONE_CHARGER,37
2024-11-08,PHONE_CHARGER,38
2024-11-09,PHONE_CHARGER,56
2024-11-10,PHONE_CHARGER,47
2024-11-11,PHONE_CHARGER,31
2024-11-12,PHONE_CHARGER,34
2024-11-13,PHONE_CHARGER,38
2024-11-14,PHONE_CHARGER,29
2024-11-15,PHONE_CHARGER,44
2024-11-16,PHONE_CHARGER,40
2024-11-17,PHONE_CHARGER,37
2024-11-18,PHONE_CHARGER,38
2024-11-19,PHONE_CHARGER,47
2024-11-20,PHONE_CHARGER,40
2024-11-21,PHONE_CHARGER,44
2024-11-22,PHONE_CHARGER,39
2024-11-23,PHONE_CHARGER,42
2024-11-24,PHONE_CHARGER,44
2024-11-25,PHONE_CHARGER,39
2024-11-26,PHONE_CHARGER,41
2024-11-27,PHONE_CHARGER,32
2024-11-28,PHONE_CHARGER,34
2024-11-29,PHONE_CHARGER,44
2024-11-30,PHONE_CHARGER,57
2024-12-01,PHONE_CHARGER,57
2024-12-02,PHONE_CHARGER,52
2024-12-03,PHONE_CHARGER,45
2024-12-04,PHONE_CHARGER,26
2024-12-05,PHONE_CHARGER,44
2024-12-06,PHONE_CHARGER,33
2024-12-07,PHONE_CHARGER,49
2024-12-08,PHONE_CHARGER,38
2024-12-09,PHONE_CHARGER,39
2024-12-10,PHONE_CHARGER,41
2024-12-11,PHONE_CHARGER,42
2024-12-12,PHONE_CHARGER,30
2024-12-13,PHONE_CHARGER,41
2024-12-14,PHONE_CHARGER,48
2024-12-15,PHONE_CHARGER,40
2024-12-16,PHONE_CHARGER,49
2024-12-17,PHONE_CHARGER,40
2024-12-18,PHONE_CHARGER,34
2024-12-19,PHONE_CHARGER,36
2024-12-20,PHONE_CHARGER,42
2024-12-21,PHONE_CHARGER,37
2024-12-22,PHONE_CHARGER,36
2024-12-23,PHONE_CHARGER,40
2024-12-24,PHONE_CHARGER,32
2024-12-25,PHONE_CHARGER,53
2024-12-26,PHONE_CHARGER,43
2024-12-27,PHONE_CHARGER,43
2024-12-28,PHONE_CHARGER,53
2024-12-29,PHONE_CHARGER,46
2024-12-30,PHONE_CHARGER,33
2024-12-31,PHONE_CHARGER,34
2024-01-01,LAPTOP_STAND,33
2024-01-02,LAPTOP_STAND,30
2024-01-03,LAPTOP_STAND,42
2024-01-04,LAPTOP_STAND,36
2024-01-05,LAPTOP_STAND,42
2024-01-06,LAPTOP_STAND,44
2024-01-07,LAPTOP_STAND,39
2024-01-08,LAPTOP_STAND,40
2024-01-09,LAPTOP_STAND,33
2024-01-10,LAPTOP_STAND,43
2024-01-11,LAPTOP_STAND,32
2024-01-12,LAPTOP_STAND,36
2024-01-13,LAPTOP_STAND,43
2024-01-14,LAPTOP_STAND,51
2024-01-15,LAPTOP_STAND,42
2024-01-16,LAPTOP_STAND,37
2024-01-17,LAPTOP_STAND,43
2024-01-18,LAPTOP_STAND,34
2024-01-19,LAPTOP_STAND,41
2024-01-20,LAPTOP_STAND,55
2024-01-21,LAPTOP_STAND,42
2024-01-22,LAPTOP_STAND,45
2024-01-23,LAPTOP_STAND,39
2024-01-24,LAPTOP_STAND,34
2024-01-25,LAPTOP_STAND,32
2024-01-26,LAPTOP_STAND,46
2024-01-27,LAPTOP_STAND,36
2024-01-28,LAPTOP_STAND,41
2024-01-29,LAPTOP_STAND,37
2024-01-30,LAPTOP_STAND,44
2024-01-31,LAPTOP_STAND,33
2024-02-01,LAPTOP_STAND,37
2024-02-02,LAPTOP_STAND,36
2024-02-03,LAPTOP_STAND,35
2024-02-04,LAPTOP_STAND,51
2024-02-05,LAPTOP_STAND,42
2024-02-06,LAPTOP_STAND,43
2024-02-07,LAPTOP_STAND,36
2024-02-08,LAPTOP_STAND,36
2024-02-09,LAPTOP_STAND,31
2024-02-10,LAPTOP_STAND,61
2024-02-11,LAPTOP_STAND,40
2024-02-12,LAPTOP_STAND,45
2024-02-13,LAPTOP_STAND,33
2024-02-14,LAPTOP_STAND,38
2024-02-15,LAPTOP_STAND,32
2024-02-16,LAPTOP_STAND,35
2024-02-17,LAPTOP_STAND,52
2024-02-18,LAPTOP_STAND,32
2024-02-19,LAPTOP_STAND,38
2024-02-20,LAPTOP_STAND,38
2024-02-21,LAPTOP_STAND,33
2024-02-22,LAPTOP_STAND,38
2024-02-23,LAPTOP_STAND,40
2024-02-24,LAPTOP_STAND,40
2024-02-25,LAPTOP_STAND,56
2024-02-26,LAPTOP_STAND,51
2024-02-27,LAPTOP_STAND,38
2024-02-28,LAPTOP_STAND,31
2024-02-29,LAPTOP_STAND,45
2024-03-01,LAPTOP_STAND,41
2024-03-02,LAPTOP_STAND,39
2024-03-03,LAPTOP_STAND,41
2024-03-04,LAPTOP_STAND,39
2024-03-05,LAPTOP_STAND,38
2024-03-06,LAPTOP_STAND,37
2024-03-07,LAPTOP_STAND,39
2024-03-08,LAPTOP_STAND,30
2024-03-09,LAPTOP_STAND,55
2024-03-10,LAPTOP_STAND,44
2024-03-11,LAPTOP_STAND,31
2024-03-12,LAPTOP_STAND,44
2024-03-13,LAPTOP_STAND,36
2024-03-14,LAPTOP_STAND,38
2024-03-15,LAPTOP_STAND,39
2024-03-16,LAPTOP_STAND,40
2024-03-17,LAPTOP_STAND,55
2024-03-18,LAPTOP_STAND,46
2024-03-19,LAPTOP_STAND,37
2024-03-20,LAPTOP_STAND,39
2024-03-21,LAPTOP_STAND,37
2024-03-22,LAPTOP_STAND,34
2024-03-23,LAPTOP_STAND,48
2024-03-24,LAPTOP_STAND,44
2024-03-25,LAPTOP_STAND,32
2024-03-26,LAPTOP_STAND,44
2024-03-27,LAPTOP_STAND,34
2024-03-28,LAPTOP_STAND,41
2024-03-29,LAPTOP_STAND,47
2024-03-30,LAPTOP_STAND,45
2024-03-31,LAPTOP_STAND,44
2024-04-01,LAPTOP_STAND,42
2024-04-02,LAPTOP_STAND,31
2024-04-03,LAPTOP_STAND,39
2024-04-04,LAPTOP_STAND,36
2024-04-05,LAPTOP_STAND,45
2024-04-06,LAPTOP_STAND,46
2024-04-07,LAPTOP_STAND,44
2024-04-08,LAPTOP_STAND,34
2024-04-09,LAPTOP_STAND,42
2024-04-10,LAPTOP_STAND,42
2024-04-11,LAPTOP_STAND,40
2024-04-12,LAPTOP_STAND,39
2024-04-13,LAPTOP_STAND,43
2024-04-14,LAPTOP_STAND,51
2024-04-15,LAPTOP_STAND,36
2024-04-16,LAPTOP_STAND,34
2024-04-17,LAPTOP_STAND,45
2024-04-18,LAPTOP_STAND,37
2024-04-19,LAPTOP_STAND,38
2024-04-20,LAPTOP_STAND,38
2024-04-21,LAPTOP_STAND,45
2024-04-22,LAPTOP_STAND,37
2024-04-23,LAPTOP_STAND,43
2024-04-24,LAPTOP_STAND,30
2024-04-25,LAPTOP_STAND,44
2024-04-26,LAPTOP_STAND,45
2024-04-27,LAPTOP_STAND,39
2024-04-28,LAPTOP_STAND,35
2024-04-29,LAPTOP_STAND,35
2024-04-30,LAPTOP_STAND,33
2024-05-01,LAPTOP_STAND,43
2024-05-02,LAPTOP_STAND,32
2024-05-03,LAPTOP_STAND,45
2024-05-04,LAPTOP_STAND,47
2024-05-05,LAPTOP_STAND,59
2024-05-06,LAPTOP_STAND,39
2024-05-07,LAPTOP_STAND,41
2024-05-08,LAPTOP_STAND,31
2024-05-09,LAPTOP_STAND,38
2024-05-10,LAPTOP_STAND,34
2024-05-11,LAPTOP_STAND,46
2024-05-12,LAPTOP_STAND,39
2024-05-13,LAPTOP_STAND,36
2024-05-14,LAPTOP_STAND,44
2024-05-15,LAPTOP_STAND,45
2024-05-16,LAPTOP_STAND,41
2024-05-17,LAPTOP_STAND,37
2024-05-18,LAPTOP_STAND,50
2024-05-19,LAPTOP_STAND,62
2024-05-20,LAPTOP_STAND,44
2024-05-21,LAPTOP_STAND,38
2024-05-22,LAPTOP_STAND,39
2024-05-23,LAPTOP_STAND,39
2024-05-24,LAPTOP_STAND,37
2024-05-25,LAPTOP_STAND,33
2024-05-26,LAPTOP_STAND,49
2024-05-27,LAPTOP_STAND,34
2024-05-28,LAPTOP_STAND,41
2024-05-29,LAPTOP_STAND,43
2024-05-30,LAPTOP_STAND,43
2024-05-31,LAPTOP_STAND,35
2024-06-01,LAPTOP_STAND,45
2024-06-02,LAPTOP_STAND,46
2024-06-03,LAPTOP_STAND,36
2024-06-04,LAPTOP_STAND,49
2024-06-05,LAPTOP_STAND,40
2024-06-06,LAPTOP_STAND,37
2024-06-07,LAPTOP_STAND,32
2024-06-08,LAPTOP_STAND,47
2024-06-09,LAPTOP_STAND,49
2024-06-10,LAPTOP_STAND,45
2024-06-11,LAPTOP_STAND,39
2024-06-12,LAPTOP_STAND,31
2024-06-13,LAPTOP_STAND,36
2024-06-14,LAPTOP_STAND,40
2024-06-15,LAPTOP_STAND,53
2024-06-16,LAPTOP_STAND,40
2024-06-17,LAPTOP_STAND,45
2024-06-18,LAPTOP_STAND,44
2024-06-19,LAPTOP_STAND,39
2024-06-20,LAPTOP_STAND,32
2024-06-21,LAPTOP_STAND,29
2024-06-22,LAPTOP_STAND,52
2024-06-23,LAPTOP_STAND,43
2024-06-24,LAPTOP_STAND,47
2024-06-25,LAPTOP_STAND,27
2024-06-26,LAPTOP_STAND,45
2024-06-27,LAPTOP_STAND,30
2024-06-28,LAPTOP_STAND,32
2024-06-29,LAPTOP_STAND,49
2024-06-30,LAPTOP_STAND,37
2024-07-01,LAPTOP_STAND,39
2024-07-02,LAPTOP_STAND,37
2024-07-03,LAPTOP_STAND,31
2024-07-04,LAPTOP_STAND,45
2024-07-05,LAPTOP_STAND,39
2024-07-06,LAPTOP_STAND,41
2024-07-07,LAPTOP_STAND,48
2024-07-08,LAPTOP_STAND,35
2024-07-09,LAPTOP_STAND,30
2024-07-10,LAPTOP_STAND,37
2024-07-11,LAPTOP_STAND,44
2024-07-12,LAPTOP_STAND,44
2024-07-13,LAPTOP_STAND,45
2024-07-14,LAPTOP_STAND,40
2024-07-15,LAPTOP_STAND,36
2024-07-16,LAPTOP_STAND,39
2024-07-17,LAPTOP_STAND,42
2024-07-18,LAPTOP_STAND,37
2024-07-19,LAPTOP_STAND,39
2024-07-20,LAPTOP_STAND,44
2024-07-21,LAPTOP_STAND,41
2024-07-22,LAPTOP_STAND,37
2024-07-23,LAPTOP_STAND,43
2024-07-24,LAPTOP_STAND,31
2024-07-25,LAPTOP_STAND,37
2024-07-26,LAPTOP_STAND,45
2024-07-27,LAPTOP_STAND,60
2024-07-28,LAPTOP_STAND,45
2024-07-29,LAPTOP_STAND,38
2024-07-30,LAPTOP_STAND,37
2024-07-31,LAPTOP_STAND,39
2024-08-01,LAPTOP_STAND,45
2024-08-02,LAPTOP_STAND,38
2024-08-03,LAPTOP_STAND,43
2024-08-04,LAPTOP_STAND,46
2024-08-05,LAPTOP_STAND,49
2024-08-06,LAPTOP_STAND,41
2024-08-07,LAPTOP_STAND,38
2024-08-08,LAPTOP_STAND,46
2024-08-09,LAPTOP_STAND,43
2024-08-10,LAPTOP_STAND,39
2024-08-11,LAPTOP_STAND,44
2024-08-12,LAPTOP_STAND,38
2024-08-13,LAPTOP_STAND,38
2024-08-14,LAPTOP_STAND,36
2024-08-15,LAPTOP_STAND,37
2024-08-16,LAPTOP_STAND,30
2024-08-17,LAPTOP_STAND,50
2024-08-18,LAPTOP_STAND,45
2024-08-19,LAPTOP_STAND,47
2024-08-20,LAPTOP_STAND,50
2024-08-21,LAPTOP_STAND,37
2024-08-22,LAPTOP_STAND,34
2024-08-23,LAPTOP_STAND,28
2024-08-24,LAPTOP_STAND,42
2024-08-25,LAPTOP_STAND,50
2024-08-26,LAPTOP_STAND,41
2024-08-27,LAPTOP_STAND,49
2024-08-28,LAPTOP_STAND,38
2024-08-29,LAPTOP_STAND,37
2024-08-30,LAPTOP_STAND,40
2024-08-31,LAPTOP_STAND,50
2024-09-01,LAPTOP_STAND,49
2024-09-02,LAPTOP_STAND,36
2024-09-03,LAPTOP_STAND,36
2024-09-04,LAPTOP_STAND,42
2024-09-05,LAPTOP_STAND,47
2024-09-06,LAPTOP_STAND,36
2024-09-07,LAPTOP_STAND,44
2024-09-08,LAPTOP_STAND,36
2024-09-09,LAPTOP_STAND,44
2024-09-10,LAPTOP_STAND,52
2024-09-11,LAPTOP_STAND,44
2024-09-12,LAPTOP_STAND,42
2024-09-13,LAPTOP_STAND,31
2024-09-14,LAPTOP_STAND,51
2024-09-15,LAPTOP_STAND,48
2024-09-16,LAPTOP_STAND,30
2024-09-17,LAPTOP_STAND,35
2024-09-18,LAPTOP_STAND,36
2024-09-19,LAPTOP_STAND,31
2024-09-20,LAPTOP_STAND,31
2024-09-21,LAPTOP_STAND,49
2024-09-22,LAPTOP_STAND,56
2024-09-23,LAPTOP_STAND,33
2024-09-24,LAPTOP_STAND,37
2024-09-25,LAPTOP_STAND,41
2024-09-26,LAPTOP_STAND,30
2024-09-27,LAPTOP_STAND,45
2024-09-28,LAPTOP_STAND,52
2024-09-29,LAPTOP_STAND,43
2024-09-30,LAPTOP_STAND,32
2024-10-01,LAPTOP_STAND,38
2024-10-02,LAPTOP_STAND,34
2024-10-03,LAPTOP_STAND,45
2024-10-04,LAPTOP_STAND,22
2024-10-05,LAPTOP_STAND,38
2024-10-06,LAPTOP_STAND,39
2024-10-07,LAPTOP_STAND,33
2024-10-08,LAPTOP_STAND,31
2024-10-09,LAPTOP_STAND,39
2024-10-10,LAPTOP_STAND,31
2024-10-11,LAPTOP_STAND,36
2024-10-12,LAPTOP_STAND,46
2024-10-13,LAPTOP_STAND,58
2024-10-14,LAPTOP_STAND,40
2024-10-15,LAPTOP_STAND,41
2024-10-16,LAPTOP_STAND,35
2024-10-17,LAPTOP_STAND,36
2024-10-18,LAPTOP_STAND,32
2024-10-19,LAPTOP_STAND,48
2024-10-20,LAPTOP_STAND,35
2024-10-21,LAPTOP_STAND,41
2024-10-22,LAPTOP_STAND,30
2024-10-23,LAPTOP_STAND,37
2024-10-24,LAPTOP_STAND,32
2024-10-25,LAPTOP_STAND,43
2024-10-26,LAPTOP_STAND,35
2024-10-27,LAPTOP_STAND,46
2024-10-28,LAPTOP_STAND,34
2024-10-29,LAPTOP_STAND,37
2024-10-30,LAPTOP_STAND,34
2024-10-31,LAPTOP_STAND,32
2024-11-01,LAPTOP_STAND,47
2024-11-02,LAPTOP_STAND,63
2024-11-03,LAPTOP_STAND,62
2024-11-04,LAPTOP_STAND,38
2024-11-05,LAPTOP_STAND,60
2024-11-06,LAPTOP_STAND,47
2024-11-07,LAPTOP_STAND,37
2024-11-08,LAPTOP_STAND,36
2024-11-09,LAPTOP_STAND,60
2024-11-10,LAPTOP_STAND,59
2024-11-11,LAPTOP_STAND,48
2024-11-12,LAPTOP_STAND,55
2024-11-13,LAPTOP_STAND,48
2024-11-14,LAPTOP_STAND,45
2024-11-15,LAPTOP_STAND,49
2024-11-16,LAPTOP_STAND,78
2024-11-17,LAPTOP_STAND,70
2024-11-18,LAPTOP_STAND,60
2024-11-19,LAPTOP_STAND,53
2024-11-20,LAPTOP_STAND,48
2024-11-21,LAPTOP_STAND,49
2024-11-22,LAPTOP_STAND,41
2024-11-23,LAPTOP_STAND,69
2024-11-24,LAPTOP_STAND,51
2024-11-25,LAPTOP_STAND,55
2024-11-26,LAPTOP_STAND,53
2024-11-27,LAPTOP_STAND,49
2024-11-28,LAPTOP_STAND,49
2024-11-29,LAPTOP_STAND,54
2024-11-30,LAPTOP_STAND,60
2024-12-01,LAPTOP_STAND,64
2024-12-02,LAPTOP_STAND,50
2024-12-03,LAPTOP_STAND,39
2024-12-04,LAPTOP_STAND,46
2024-12-05,LAPTOP_STAND,56
2024-12-06,LAPTOP_STAND,49
2024-12-07,LAPTOP_STAND,64
2024-12-08,LAPTOP_STAND,50
2024-12-09,LAPTOP_STAND,45
2024-12-10,LAPTOP_STAND,56
2024-12-11,LAPTOP_STAND,38
2024-12-12,LAPTOP_STAND,51
2024-12-13,LAPTOP_STAND,43
2024-12-14,LAPTOP_STAND,50
2024-12-15,LAPTOP_STAND,54
2024-12-16,LAPTOP_STAND,41
2024-12-17,LAPTOP_STAND,54
2024-12-18,LAPTOP_STAND,55
2024-12-19,LAPTOP_STAND,49
2024-12-20,LAPTOP_STAND,50
2024-12-21,LAPTOP_STAND,70
2024-12-22,LAPTOP_STAND,59
2024-12-23,LAPTOP_STAND,65
2024-12-24,LAPTOP_STAND,48
2024-12-25,LAPTOP_STAND,52
2024-12-26,LAPTOP_STAND,49
2024-12-27,LAPTOP_STAND,40
2024-12-28,LAPTOP_STAND,50
2024-12-29,LAPTOP_STAND,59
2024-12-30,LAPTOP_STAND,46
2024-12-31,LAPTOP_STAND,51
2024-01-01,HEADPHONES,30
2024-01-02,HEADPHONES,43
2024-01-03,HEADPHONES,27
2024-01-04,HEADPHONES,36
2024-01-05,HEADPHONES,30
2024-01-06,HEADPHONES,49
2024-01-07,HEADPHONES,48
2024-01-08,HEADPHONES,44
2024-01-09,HEADPHONES,34
2024-01-10,HEADPHONES,42
2024-01-11,HEADPHONES,51
2024-01-12,HEADPHONES,35
2024-01-13,HEADPHONES,43
2024-01-14,HEADPHONES,43
2024-01-15,HEADPHONES,37
2024-01-16,HEADPHONES,33
2024-01-17,HEADPHONES,45
2024-01-18,HEADPHONES,52
2024-01-19,HEADPHONES,42
2024-01-20,HEADPHONES,53
2024-01-21,HEADPHONES,69
2024-01-22,HEADPHONES,34
2024-01-23,HEADPHONES,21
2024-01-24,HEADPHONES,52
2024-01-25,HEADPHONES,40
2024-01-26,HEADPHONES,45
2024-01-27,HEADPHONES,54
2024-01-28,HEADPHONES,45
2024-01-29,HEADPHONES,43
2024-01-30,HEADPHONES,39
2024-01-31,HEADPHONES,33
2024-02-01,HEADPHONES,46
2024-02-02,HEADPHONES,36
2024-02-03,HEADPHONES,54
2024-02-04,HEADPHONES,45
2024-02-05,HEADPHONES,42
2024-02-06,HEADPHONES,46
2024-02-07,HEADPHONES,37
2024-02-08,HEADPHONES,46
2024-02-09,HEADPHONES,36
2024-02-10,HEADPHONES,42
2024-02-11,HEADPHONES,46
2024-02-12,HEADPHONES,25
2024-02-13,HEADPHONES,47
2024-02-14,HEADPHONES,45
2024-02-15,HEADPHONES,38
2024-02-16,HEADPHONES,46
2024-02-17,HEADPHONES,63
2024-02-18,HEADPHONES,45
2024-02-19,HEADPHONES,43
2024-02-20,HEADPHONES,36
2024-02-21,HEADPHONES,47
2024-02-22,HEADPHONES,42
2024-02-23,HEADPHONES,46
2024-02-24,HEADPHONES,44
2024-02-25,HEADPHONES,53
2024-02-26,HEADPHONES,33
2024-02-27,HEADPHONES,36
2024-02-28,HEADPHONES,38
2024-02-29,HEADPHONES,46
2024-03-01,HEADPHONES,37
2024-03-02,HEADPHONES,45
2024-03-03,HEADPHONES,43
2024-03-04,HEADPHONES,43
2024-03-05,HEADPHONES,44
2024-03-06,HEADPHONES,33
2024-03-07,HEADPHONES,43
2024-03-08,HEADPHONES,39
2024-03-09,HEADPHONES,46
2024-03-10,HEADPHONES,55
2024-03-11,HEADPHONES,41
2024-03-12,HEADPHONES,50
2024-03-13,HEADPHONES,32
2024-03-14,HEADPHONES,41
2024-03-15,HEADPHONES,35
2024-03-16,HEADPHONES,53
2024-03-17,HEADPHONES,48
2024-03-18,HEADPHONES,47
2024-03-19,HEADPHONES,27
2024-03-20,HEADPHONES,32
2024-03-21,HEADPHONES,35
2024-03-22,HEADPHONES,41
2024-03-23,HEADPHONES,47
2024-03-24,HEADPHONES,49
2024-03-25,HEADPHONES,44
2024-03-26,HEADPHONES,30
2024-03-27,HEADPHONES,49
2024-03-28,HEADPHONES,41
2024-03-29,HEADPHONES,32
2024-03-30,HEADPHONES,41
2024-03-31,HEADPHONES,59
2024-04-01,HEADPHONES,40
2024-04-02,HEADPHONES,47
2024-04-03,HEADPHONES,36
2024-04-04,HEADPHONES,42
2024-04-05,HEADPHONES,40
2024-04-06,HEADPHONES,50
2024-04-07,HEADPHONES,48
2024-04-08,HEADPHONES,42
2024-04-09,HEADPHONES,47
2024-04-10,HEADPHONES,44
2024-04-11,HEADPHONES,45
2024-04-12,HEADPHONES,33
2024-04-13,HEADPHONES,56
2024-04-14,HEADPHONES,53
2024-04-15,HEADPHONES,42
2024-04-16,HEADPHONES,44
2024-04-17,HEADPHONES,32
2024-04-18,HEADPHONES,41
2024-04-19,HEADPHONES,41
2024-04-20,HEADPHONES,52
2024-04-21,HEADPHONES,41
2024-04-22,HEADPHONES,45
2024-04-23,HEADPHONES,50
2024-04-24,HEADPHONES,51
2024-04-25,HEADPHONES,37
2024-04-26,HEADPHONES,41
2024-04-27,HEADPHONES,54
2024-04-28,HEADPHONES,50
2024-04-29,HEADPHONES,30
2024-04-30,HEADPHONES,54
2024-05-01,HEADPHONES,34
2024-05-02,HEADPHONES,40
2024-05-03,HEADPHONES,35
2024-05-04,HEADPHONES,52
2024-05-05,HEADPHONES,35
2024-05-06,HEADPHONES,45
2024-05-07,HEADPHONES,37
2024-05-08,HEADPHONES,51
2024-05-09,HEADPHONES,38
2024-05-10,HEADPHONES,49
2024-05-11,HEADPHONES,64
2024-05-12,HEADPHONES,32
2024-05-13,HEADPHONES,39
2024-05-14,HEADPHONES,48
2024-05-15,HEADPHONES,25
2024-05-16,HEADPHONES,44
2024-05-17,HEADPHONES,50
2024-05-18,HEADPHONES,41
2024-05-19,HEADPHONES,48
2024-05-20,HEADPHONES,41
2024-05-21,HEADPHONES,38
2024-05-22,HEADPHONES,34
2024-05-23,HEADPHONES,45
2024-05-24,HEADPHONES,38
2024-05-25,HEADPHONES,51
2024-05-26,HEADPHONES,48
2024-05-27,HEADPHONES,40
2024-05-28,HEADPHONES,44
2024-05-29,HEADPHONES,46
2024-05-30,HEADPHONES,47
2024-05-31,HEADPHONES,39
2024-06-01,HEADPHONES,49
2024-06-02,HEADPHONES,47
2024-06-03,HEADPHONES,38
2024-06-04,HEADPHONES,49
2024-06-05,HEADPHONES,47
2024-06-06,HEADPHONES,40
2024-06-07,HEADPHONES,40
2024-06-08,HEADPHONES,49
2024-06-09,HEADPHONES,65
2024-06-10,HEADPHONES,46
2024-06-11,HEADPHONES,46
2024-06-12,HEADPHONES,42
2024-06-13,HEADPHONES,40
2024-06-14,HEADPHONES,36
2024-06-15,HEADPHONES,51
2024-06-16,HEADPHONES,42
2024-06-17,HEADPHONES,50
2024-06-18,HEADPHONES,30
2024-06-19,HEADPHONES,41
2024-06-20,HEADPHONES,38
2024-06-21,HEADPHONES,48
2024-06-22,HEADPHONES,39
2024-06-23,HEADPHONES,62
2024-06-24,HEADPHONES,54
2024-06-25,HEADPHONES,40
2024-06-26,HEADPHONES,40
2024-06-27,HEADPHONES,39
2024-06-28,HEADPHONES,54
2024-06-29,HEADPHONES,43
2024-06-30,HEADPHONES,40
2024-07-01,HEADPHONES,38
2024-07-02,HEADPHONES,39
2024-07-03,HEADPHONES,32
2024-07-04,HEADPHONES,41
2024-07-05,HEADPHONES,50
2024-07-06,HEADPHONES,45
2024-07-07,HEADPHONES,45
2024-07-08,HEADPHONES,30
2024-07-09,HEADPHONES,40
2024-07-10,HEADPHONES,49
2024-07-11,HEADPHONES,44
2024-07-12,HEADPHONES,46
2024-07-13,HEADPHONES,56
2024-07-14,HEADPHONES,47
2024-07-15,HEADPHONES,41
2024-07-16,HEADPHONES,35
2024-07-17,HEADPHONES,23
2024-07-18,HEADPHONES,42
2024-07-19,HEADPHONES,52
2024-07-20,HEADPHONES,55
2024-07-21,HEADPHONES,56
2024-07-22,HEADPHONES,46
2024-07-23,HEADPHONES,35
2024-07-24,HEADPHONES,35
2024-07-25,HEADPHONES,32
2024-07-26,HEADPHONES,43
2024-07-27,HEADPHONES,52
2024-07-28,HEADPHONES,35
2024-07-29,HEADPHONES,42
2024-07-30,HEADPHONES,41
2024-07-31,HEADPHONES,42
2024-08-01,HEADPHONES,41
2024-08-02,HEADPHONES,45
2024-08-03,HEADPHONES,37
2024-08-04,HEADPHONES,55
2024-08-05,HEADPHONES,42
2024-08-06,HEADPHONES,32
2024-08-07,HEADPHONES,40
2024-08-08,HEADPHONES,41
2024-08-09,HEADPHONES,40
2024-08-10,HEADPHONES,41
2024-08-11,HEADPHONES,51
2024-08-12,HEADPHONES,40
2024-08-13,HEADPHONES,35
2024-08-14,HEADPHONES,36
2024-08-15,HEADPHONES,33
2024-08-16,HEADPHONES,52
2024-08-17,HEADPHONES,33
2024-08-18,HEADPHONES,46
2024-08-19,HEADPHONES,41
2024-08-20,HEADPHONES,41
2024-08-21,HEADPHONES,37
2024-08-22,HEADPHONES,43
2024-08-23,HEADPHONES,48
2024-08-24,HEADPHONES,47
2024-08-25,HEADPHONES,49
2024-08-26,HEADPHONES,43
2024-08-27,HEADPHONES,39
2024-08-28,HEADPHONES,44
2024-08-29,HEADPHONES,37
2024-08-30,HEADPHONES,38
2024-08-31,HEADPHONES,44
2024-09-01,HEADPHONES,45
2024-09-02,HEADPHONES,45
2024-09-03,HEADPHONES,34
2024-09-04,HEADPHONES,40
2024-09-05,HEADPHONES,36
2024-09-06,HEADPHONES,46
2024-09-07,HEADPHONES,50
2024-09-08,HEADPHONES,48
2024-09-09,HEADPHONES,52
2024-09-10,HEADPHONES,37
2024-09-11,HEADPHONES,49
2024-09-12,HEADPHONES,30
2024-09-13,HEADPHONES,41
2024-09-14,HEADPHONES,59
2024-09-15,HEADPHONES,50
2024-09-16,HEADPHONES,44
2024-09-17,HEADPHONES,48
2024-09-18,HEADPHONES,41
2024-09-19,HEADPHONES,44
2024-09-20,HEADPHONES,48
2024-09-21,HEADPHONES,45
2024-09-22,HEADPHONES,56
2024-09-23,HEADPHONES,38
2024-09-24,HEADPHONES,36
2024-09-25,HEADPHONES,45
2024-09-26,HEADPHONES,27
2024-09-27,HEADPHONES,37
2024-09-28,HEADPHONES,40
2024-09-29,HEADPHONES,57
2024-09-30,HEADPHONES,48
2024-10-01,HEADPHONES,35
2024-10-02,HEADPHONES,50
2024-10-03,HEADPHONES,42
2024-10-04,HEADPHONES,42
2024-10-05,HEADPHONES,56
2024-10-06,HEADPHONES,48
2024-10-07,HEADPHONES,42
2024-10-08,HEADPHONES,40
2024-10-09,HEADPHONES,42
2024-10-10,HEADPHONES,45
2024-10-11,HEADPHONES,51
2024-10-12,HEADPHONES,63
2024-10-13,HEADPHONES,58
2024-10-14,HEADPHONES,35
2024-10-15,HEADPHONES,36
2024-10-16,HEADPHONES,34
2024-10-17,HEADPHONES,43
2024-10-18,HEADPHONES,51
2024-10-19,HEADPHONES,43
2024-10-20,HEADPHONES,51
2024-10-21,HEADPHONES,39
2024-10-22,HEADPHONES,40
2024-10-23,HEADPHONES,34
2024-10-24,HEADPHONES,39
2024-10-25,HEADPHONES,35
2024-10-26,HEADPHONES,42
2024-10-27,HEADPHONES,62
2024-10-28,HEADPHONES,37
2024-10-29,HEADPHONES,39
2024-10-30,HEADPHONES,41
2024-10-31,HEADPHONES,50
2024-11-01,HEADPHONES,45
2024-11-02,HEADPHONES,53
2024-11-03,HEADPHONES,68
2024-11-04,HEADPHONES,62
2024-11-05,HEADPHONES,51
2024-11-06,HEADPHONES,47
2024-11-07,HEADPHONES,59
2024-11-08,HEADPHONES,47
2024-11-09,HEADPHONES,67
2024-11-10,HEADPHONES,51
2024-11-11,HEADPHONES,72
2024-11-12,HEADPHONES,54
2024-11-13,HEADPHONES,54
2024-11-14,HEADPHONES,58
2024-11-15,HEADPHONES,55
2024-11-16,HEADPHONES,65
2024-11-17,HEADPHONES,60
2024-11-18,HEADPHONES,63
2024-11-19,HEADPHONES,68
2024-11-20,HEADPHONES,59
2024-11-21,HEADPHONES,42
2024-11-22,HEADPHONES,48
2024-11-23,HEADPHONES,69
2024-11-24,HEADPHONES,59
2024-11-25,HEADPHONES,57
2024-11-26,HEADPHONES,55
2024-11-27,HEADPHONES,67
2024-11-28,HEADPHONES,49
2024-11-29,HEADPHONES,41
2024-11-30,HEADPHONES,68
2024-12-01,HEADPHONES,65
2024-12-02,HEADPHONES,54
2024-12-03,HEADPHONES,57
2024-12-04,HEADPHONES,51
2024-12-05,HEADPHONES,66
2024-12-06,HEADPHONES,63
2024-12-07,HEADPHONES,58
2024-12-08,HEADPHONES,61
2024-12-09,HEADPHONES,54
2024-12-10,HEADPHONES,67
2024-12-11,HEADPHONES,45
2024-12-12,HEADPHONES,50
2024-12-13,HEADPHONES,55
2024-12-14,HEADPHONES,58
2024-12-15,HEADPHONES,70
2024-12-16,HEADPHONES,57
2024-12-17,HEADPHONES,58
2024-12-18,HEADPHONES,40
2024-12-19,HEADPHONES,50
2024-12-20,HEADPHONES,56
2024-12-21,HEADPHONES,66
2024-12-22,HEADPHONES,61
2024-12-23,HEADPHONES,58
2024-12-24,HEADPHONES,60
2024-12-25,HEADPHONES,46
2024-12-26,HEADPHONES,58
2024-12-27,HEADPHONES,67
2024-12-28,HEADPHONES,79
2024-12-29,HEADPHONES,60
2024-12-30,HEADPHONES,43
2024-12-31,HEADPHONES,42
